{"cameraMode":{"drawMode":0,"name":"Shaded","section":"Shading Mode"},"sceneLighting":false,"audioPlay":false,"sceneViewState":{"showFog":true,"showMaterialUpdate":false,"showSkybox":true,"showFlares":true,"showImageEffects":true,"showParticleSystems":true},"in2DMode":false,"pivot":{"x":0.2666971683502197,"y":-0.31874287128448489,"z":0.5406696796417236},"rotation":{"x":-0.19488675892353059,"y":0.5828465819358826,"z":-0.14653949439525605,"w":-0.7751356363296509},"size":8.311013221740723,"orthographic":false}