{"cameraMode":{"drawMode":0,"name":"Shaded","section":"Shading Mode"},"sceneLighting":true,"audioPlay":false,"sceneViewState":{"showFog":true,"showMaterialUpdate":false,"showSkybox":true,"showFlares":true,"showImageEffects":true,"showParticleSystems":true},"in2DMode":false,"pivot":{"x":75.82839965820313,"y":23.595890045166017,"z":114.73884582519531},"rotation":{"x":0.04803737252950668,"y":0.649662971496582,"z":-0.041195906698703769,"w":0.7575839757919312},"size":11.67980670928955,"orthographic":false}