{"cameraMode":{"drawMode":0,"name":"Shaded","section":"Shading Mode"},"sceneLighting":false,"audioPlay":false,"sceneViewState":{"showFog":true,"showMaterialUpdate":false,"showSkybox":true,"showFlares":true,"showImageEffects":true,"showParticleSystems":true},"in2DMode":false,"pivot":{"x":-0.2898549735546112,"y":0.471161812543869,"z":0.07693500071763993},"rotation":{"x":0.15928128361701966,"y":-0.7039586901664734,"z":0.16691629588603974,"w":0.6717221736907959},"size":0.0165860652923584,"orthographic":false}