{"cameraMode":{"drawMode":0,"name":"Shaded","section":"Shading Mode"},"sceneLighting":true,"audioPlay":false,"sceneViewState":{"showFog":true,"showMaterialUpdate":false,"showSkybox":true,"showFlares":true,"showImageEffects":true,"showParticleSystems":true},"in2DMode":false,"pivot":{"x":125.49099731445313,"y":44.49346923828125,"z":185.8733367919922},"rotation":{"x":-0.008072310127317906,"y":0.9441840052604675,"z":-0.3285015821456909,"w":-0.023198259994387628},"size":248.18112182617188,"orthographic":false}