{"cameraMode":{"drawMode":0,"name":"Shaded","section":"Shading Mode"},"sceneLighting":false,"audioPlay":false,"sceneViewState":{"showFog":true,"showMaterialUpdate":false,"showSkybox":true,"showFlares":true,"showImageEffects":true,"showParticleSystems":true},"in2DMode":false,"pivot":{"x":50.00664520263672,"y":22.51340675354004,"z":109.32718658447266},"rotation":{"x":0.04902700334787369,"y":-0.294312447309494,"z":0.015118146315217018,"w":0.9543311595916748},"size":3.8060436248779299,"orthographic":false}