{"cameraMode":{"drawMode":0,"name":"Shaded","section":"Shading Mode"},"sceneLighting":true,"audioPlay":false,"sceneViewState":{"showFog":true,"showMaterialUpdate":false,"showSkybox":true,"showFlares":true,"showImageEffects":true,"showParticleSystems":true},"in2DMode":false,"pivot":{"x":-0.28707587718963625,"y":4.050233840942383,"z":0.4600592851638794},"rotation":{"x":0.0035045852418988945,"y":-0.9265827536582947,"z":0.008631739765405655,"w":0.3759755790233612},"size":2.4506170749664308,"orthographic":false}