{"cameraMode":{"drawMode":0,"name":"Shaded","section":"Shading Mode"},"sceneLighting":false,"audioPlay":false,"sceneViewState":{"showFog":true,"showMaterialUpdate":false,"showSkybox":true,"showFlares":true,"showImageEffects":true,"showParticleSystems":true},"in2DMode":false,"pivot":{"x":124.18968200683594,"y":31.569778442382814,"z":126.61770629882813},"rotation":{"x":-0.0874437689781189,"y":0.8945814371109009,"z":-0.2008063793182373,"w":-0.3895568251609802},"size":253.32077026367188,"orthographic":false}