{"cameraMode":{"drawMode":0,"name":"Shaded","section":"Shading Mode"},"sceneLighting":false,"audioPlay":false,"sceneViewState":{"showFog":true,"showMaterialUpdate":false,"showSkybox":true,"showFlares":true,"showImageEffects":true,"showParticleSystems":true},"in2DMode":false,"pivot":{"x":45.073001861572269,"y":22.010000228881837,"z":110.18399810791016},"rotation":{"x":0.051543787121772769,"y":-0.5504310727119446,"z":0.03407410904765129,"w":0.8325910568237305},"size":40.010372161865237,"orthographic":false}